source_id,ra,ra_error,dec,dec_error,parallax,parallax_error,pmra,pmra_error,pmdec,pmdec_error,phot_g_mean_mag,radial_velocity,radial_velocity_error,phot_variable_flag
513617379244080640,37.094627494239234,0.03238293164337183,62.085241342839296,0.03427506215470962,0.3414614037043179,0.0480113869173718,0.38614794187465973,0.054565318607869,0.8036587229501636,0.07640041739133119,13.321979,-58.35693219416798,0.39278975387336684,"NOT_AVAILABLE"
513614802263686912,37.24492032122082,0.017454734751195782,62.10585169503524,0.017603331866615668,0.5011391564504606,0.023810807524494697,1.944222942779263,0.029293178127672813,-0.07635415139456218,0.03993125741182903,13.014843,-33.14455698898463,1.0192351382911469,"NOT_AVAILABLE"
513617654121970176,37.21045324554074,0.016782209573384853,62.11151675079663,0.01738900036583335,0.36611715743887263,0.024396835671614416,-0.6655718606110771,0.028088295135033792,-1.3705192057090378,0.04039196188425569,14.268944,,,"NOT_AVAILABLE"
